{
    "startDate": "2021-03-09",
    "endDate": "2021-03-09",
    "stores": [
        "604750349d281c2b580eef76"
    ],
    "employees": [
        "6047d634c726e959ecf82d62",
        "604750e99d281c2b580eefc0",
        "604750d59d281c2b580eefbf",
        "604750ce9d281c2b580eefbe",
        "604750349d281c2b580eef60"
    ],
    "divider": "Hours",
    "graph": [
        "12:00 AM",
        "1:00 AM",
        "2:00 AM",
        "3:00 AM",
        "4:00 AM",
        "5:00 AM",
        "6:00 AM",
        "7:00 AM",
        "8:00 AM",
        "9:00 AM",
        "10:00 AM",
        "11:00 AM",
        "12:00 PM",
        "1:00 PM",
        "2:00 PM",
        "3:00 PM",
        "4:00 PM",
        "5:00 PM",
        "6:00 PM",
        "7:00 PM",
        "8:00 PM",
        "9:00 PM",
        "10:00 PM",
        "11:00 PM"
    ],
    "matches": [
        "Mar 09, 2021, 12:00 AM",
        "Mar 09, 2021, 01:00 AM",
        "Mar 09, 2021, 02:00 AM",
        "Mar 09, 2021, 03:00 AM",
        "Mar 09, 2021, 04:00 AM",
        "Mar 09, 2021, 05:00 AM",
        "Mar 09, 2021, 06:00 AM",
        "Mar 09, 2021, 07:00 AM",
        "Mar 09, 2021, 08:00 AM",
        "Mar 09, 2021, 09:00 AM",
        "Mar 09, 2021, 10:00 AM",
        "Mar 09, 2021, 11:00 AM",
        "Mar 09, 2021, 12:00 PM",
        "Mar 09, 2021, 01:00 PM",
        "Mar 09, 2021, 02:00 PM",
        "Mar 09, 2021, 03:00 PM",
        "Mar 09, 2021, 04:00 PM",
        "Mar 09, 2021, 05:00 PM",
        "Mar 09, 2021, 06:00 PM",
        "Mar 09, 2021, 07:00 PM",
        "Mar 09, 2021, 08:00 PM",
        "Mar 09, 2021, 09:00 PM",
        "Mar 09, 2021, 10:00 PM",
        "Mar 09, 2021, 11:00 PM"
    ]
}