{
    "startDate": "2020-12-01",
    "endDate": "2021-03-31",
    "stores": [
        "604750349d281c2b580eef76"
    ],
    "employees": [
        "604750e99d281c2b580eefc0",
        "604750d59d281c2b580eefbf",
        "604750ce9d281c2b580eefbe",
        "604750349d281c2b580eef60"
    ],
    "divider": "Months",
    "graph": [
        "Dec",
        "Jan",
        "Feb",
        "Mar"
    ],
    "matches": [
        "Dec 2020",
        "Jan 2021",
        "Feb 2021",
        "Mar 2021"
    ]
}