{
    "startDate": "2021-03-03",
    "endDate": "2021-03-09",
    "stores": [
        "604750349d281c2b580eef76"
    ],
    "employees": [
        "604750e99d281c2b580eefc0",
        "604750d59d281c2b580eefbf",
        "604750ce9d281c2b580eefbe",
        "604750349d281c2b580eef60"
    ],
    "divider": "Weeks",
    "graph": [
        "Mar 03 - Mar 06",
        "Mar 08 - Mar 09"
    ],
    "matches": [
        "Mar 03 2021 - Mar 06 2021",
        "Mar 08 2021 - Mar 09 2021"
    ]
}